{
  "countries": [
    {
      "name": "Peru",
      "geoCentroid": [-74.43056901477354, -9.147133411380077],
      "zoom": 4,
      "buttonCoordinates": [null, null]
    },
    {
      "name": "Colombia",
      "geoCentroid": [-73.07345714315186, 3.9163468591418087],
      "zoom": 4,
      "buttonCoordinates": [null, null]
    },
    {
      "name": "Brazil",
      "geoCentroid": [-53.17252777972014, -10.655474918772201],
      "zoom": 2,
      "buttonCoordinates": [null, null]
    },
    {
      "name": "Dominican Rep.",
      "geoCentroid": [-70.46185863870569, 18.885420716111305],
      "zoom": 4,
      "buttonCoordinates": [null, null]
    }
  ]
}
